1,Aarav Barnes,Aarav Barnes Description
2,Abel Mcclain,Abel Mcclain Description
3,Adam Mccarty,Adam Mccarty Description
4,Adam Potts,Adam Potts Description
5,Alana Moody,Alana Moody Description
6,Alannah Sutherland,Alannah Sutherland Description
7,Alesha Harmon,Alesha Harmon Description
8,Alice Gamble,Alice Gamble Description
9,Alina Hoover,Alina Hoover Description
10,Alison Carlson,Alison Carlson Description
11,Allen Kline,Allen Kline Description
12,Allen Wall,Allen Wall Description
13,Alta Tanner,Alta Tanner Description
14,Amna Simpson,Amna Simpson Description
15,Amy Simpson,Amy Simpson Description
16,Andre Raymond,Andre Raymond Description
17,Andreas Le,Andreas Le Description
18,Andrew Ingram,Andrew Ingram Description
19,Andy Myers,Andy Myers Description
20,Anisha Pearson,Anisha Pearson Description
21,Annika Clements,Annika Clements Description
22,Arden Rich,Arden Rich Description
23,Arjun Rose,Arjun Rose Description
24,Arline French,Arline French Description
25,Armaan Frye,Armaan Frye Description
26,Arnulfo Wang,Arnulfo Wang Description
27,Art Willis,Art Willis Description
28,August Harding,August Harding Description
29,Barton Doyle,Barton Doyle Description
30,Bette Clements,Bette Clements Description
31,Blake Hanson,Blake Hanson Description
32,Blanche Costa,Blanche Costa Description
33,Blanche Shaffer,Blanche Shaffer Description
34,Bobbi Clayton,Bobbi Clayton Description
35,Bradley Ayala,Bradley Ayala Description
36,Brain Tucker,Brain Tucker Description
37,Branden Lin,Branden Lin Description
38,Brendon Hunt,Brendon Hunt Description
39,Britney Rasmussen,Britney Rasmussen Description
40,Brooke Sandoval,Brooke Sandoval Description
41,Brooks Arroyo,Brooks Arroyo Description
42,Bryant Roberson,Bryant Roberson Description
43,Buford Brennan,Buford Brennan Description
44,Callie Munoz,Callie Munoz Description
45,Cara Jimenez,Cara Jimenez Description
46,Carey Carlson,Carey Carlson Description
47,Carmella Little,Carmella Little Description
48,Carmen Winters,Carmen Winters Description
49,Cathy Valentine,Cathy Valentine Description
50,Cecil Faulkner,Cecil Faulkner Description
51,Chaim Rojas,Chaim Rojas Description
52,Chas Nixon,Chas Nixon Description
53,Chasity Villanueva,Chasity Villanueva Description
54,Chelsey Stein,Chelsey Stein Description
55,Chris Hurst,Chris Hurst Description
56,Ciaran Cochran,Ciaran Cochran Description
57,Clifford Waller,Clifford Waller Description
58,Cody Cisneros,Cody Cisneros Description
59,Colby Houston,Colby Houston Description
60,Cole Middleton,Cole Middleton Description
61,Colette Coffey,Colette Coffey Description
62,Coral Black,Coral Black Description
63,Cruz Burns,Cruz Burns Description
64,Cruz Davis,Cruz Davis Description
65,Curt Liu,Curt Liu Description
66,Damian Decker,Damian Decker Description
67,Dane Parrish,Dane Parrish Description
68,Danial Esparza,Danial Esparza Description
69,Darius Frederick,Darius Frederick Description
70,Deanna Mathis,Deanna Mathis Description
71,Deirdre Wu,Deirdre Wu Description
72,Diane Dejesus,Diane Dejesus Description
73,Edmundo Shea,Edmundo Shea Description
74,Edwin Jacobson,Edwin Jacobson Description
75,Elin Alvarez,Elin Alvarez Description
76,Ellis Owens,Ellis Owens Description
77,Emerson Lawrence,Emerson Lawrence Description
78,Erasmo Hull,Erasmo Hull Description
79,Eric Nicholson,Eric Nicholson Description
80,Erin Murphy,Erin Murphy Description
81,Esha Mayer,Esha Mayer Description
82,Ester Cameron,Ester Cameron Description
83,Ethel Randolph,Ethel Randolph Description
84,Evelyn Singleton,Evelyn Singleton Description
85,Ezequiel Richards,Ezequiel Richards Description
86,Fatimah Rich,Fatimah Rich Description
87,Fermin Olsen,Fermin Olsen Description
88,Filip Tucker,Filip Tucker Description
89,Frances Kelly,Frances Kelly Description
90,Fredrick Vasquez,Fredrick Vasquez Description
91,Frieda Duncan,Frieda Duncan Description
92,Galen Vaughan,Galen Vaughan Description
93,Gay Huerta,Gay Huerta Description
94,Geneva Hicks,Geneva Hicks Description
95,Georgina Whitehead,Georgina Whitehead Description
96,Gordon Espinoza,Gordon Espinoza Description
97,Hannah Blevins,Hannah Blevins Description
98,Hannah Ho,Hannah Ho Description
99,Hannah Mcguire,Hannah Mcguire Description
100,Harley Mcgee,Harley Mcgee Description
101,Harris Fox,Harris Fox Description
102,Humberto Everett,Humberto Everett Description
103,Ignacio Hooper,Ignacio Hooper Description
104,Imogen Garcia,Imogen Garcia Description
105,Ira Cooper,Ira Cooper Description
106,Isla Dawson,Isla Dawson Description
107,Ismail Wilkerson,Ismail Wilkerson Description
108,Israel Smith,Israel Smith Description
109,Issac Scott,Issac Scott Description
110,Iva Kirk,Iva Kirk Description
111,Izabella Newman,Izabella Newman Description
112,Jacquelyn Navarro,Jacquelyn Navarro Description
113,Jarod Ellison,Jarod Ellison Description
114,Jean Hebert,Jean Hebert Description
115,Jeanie Glover,Jeanie Glover Description
116,Jenifer Preston,Jenifer Preston Description
117,Jermaine Schmitt,Jermaine Schmitt Description
118,Jerold Rocha,Jerold Rocha Description
119,Jerrod Bauer,Jerrod Bauer Description
120,Jessie Smith,Jessie Smith Description
121,Jocelyn Mejia,Jocelyn Mejia Description
122,Jody Gibbs,Jody Gibbs Description
123,Johnny Gutierrez,Johnny Gutierrez Description
124,Jose Gonzalez,Jose Gonzalez Description
125,Josefa Kramer,Josefa Kramer Description
126,Josiah Wells,Josiah Wells Description
127,Kade Deleon,Kade Deleon Description
128,Kaitlyn Perez,Kaitlyn Perez Description
129,Karim Orr,Karim Orr Description
130,Karina Rowe,Karina Rowe Description
131,Kate Sears,Kate Sears Description
132,Kathy Villegas,Kathy Villegas Description
133,Kayne Singleton,Kayne Singleton Description
134,Keelan Hood,Keelan Hood Description
135,Kellie Booker,Kellie Booker Description
136,Krista Jarvis,Krista Jarvis Description
137,Kristina Thornton,Kristina Thornton Description
138,Larry Watson,Larry Watson Description
139,Latisha Stafford,Latisha Stafford Description
140,Lavern Duran,Lavern Duran Description
141,Lawrence Joseph,Lawrence Joseph Description
142,Leigh Mason,Leigh Mason Description
143,Leopoldo Singleton,Leopoldo Singleton Description
144,Letha Jarvis,Letha Jarvis Description
145,Lexi Mays,Lexi Mays Description
146,Liana Mills,Liana Mills Description
147,Lindsay Underwood,Lindsay Underwood Description
148,Lisa Castro,Lisa Castro Description
149,Livia Wells,Livia Wells Description
150,Lori Riley,Lori Riley Description
151,Lorraine Lindsay,Lorraine Lindsay Description
152,Lou Dillon,Lou Dillon Description
153,Loui O'Ryan,Loui O'Ryan Description
154,Lucas Shah,Lucas Shah Description
155,Lucie Mckenzie,Lucie Mckenzie Description
156,Lucy Wallace,Lucy Wallace Description
157,Luqman Lucero,Luqman Lucero Description
158,Lyra Cole,Lyra Cole Description
159,Maariyah Gay,Maariyah Gay Description
160,Mac Baldwin,Mac Baldwin Description
161,Maddie Lawrence,Maddie Lawrence Description
162,Maksymilian Delgado,Maksymilian Delgado Description
163,Malakai Foley,Malakai Foley Description
164,Margaret Blackwell,Margaret Blackwell Description
165,Maria Jordan,Maria Jordan Description
166,Marietta Frey,Marietta Frey Description
167,Maxim Patel,Maxim Patel Description
168,Maxwell Salinas,Maxwell Salinas Description
169,Mel Li,Mel Li Description
170,Meredith Mcneil,Meredith Mcneil Description
171,Miguel David,Miguel David Description
172,Mikel Savage,Mikel Savage Description
173,Milagros Rollins,Milagros Rollins Description
174,Miya Ryan,Miya Ryan Description
175,Molly Burch,Molly Burch Description
176,Mustafa Alexander,Mustafa Alexander Description
177,Nadine Munoz,Nadine Munoz Description
178,Nanette Huber,Nanette Huber Description
179,Nannie Mcmahon,Nannie Mcmahon Description
180,Nannie Schmidt,Nannie Schmidt Description
181,Natasha Mcmillan,Natasha Mcmillan Description
182,Nestor Carey,Nestor Carey Description
183,Nichole Bruce,Nichole Bruce Description
184,Nicky Bartlett,Nicky Bartlett Description
185,Nikhil Jordan,Nikhil Jordan Description
186,Noble Erickson,Noble Erickson Description
187,Ofelia Wilkerson,Ofelia Wilkerson Description
188,Ollie Boyd,Ollie Boyd Description
189,Ora Alexander,Ora Alexander Description
190,Osman Coleman,Osman Coleman Description
191,Owain Summers,Owain Summers Description
192,Phillip Jones,Phillip Jones Description
193,Phoebe Manning,Phoebe Manning Description
194,Phyllis Garrett,Phyllis Garrett Description
195,Rachael Best,Rachael Best Description
196,Rayford Bonilla,Rayford Bonilla Description
197,Regina Ewing,Regina Ewing Description
198,Renee Nolan,Renee Nolan Description
199,Ricardo Bautista,Ricardo Bautista Description
200,Robby Rubio,Robby Rubio Description
201,Roberta Clark,Roberta Clark Description
202,Robin Johnson,Robin Johnson Description
203,Rochelle Ford,Rochelle Ford Description
204,Rodney Roach,Rodney Roach Description
205,Rosalinda Marshall,Rosalinda Marshall Description
206,Rosalyn Dickerson,Rosalyn Dickerson Description
207,Rosanna Mann,Rosanna Mann Description
208,Rosie Haney,Rosie Haney Description
209,Rosie Tate,Rosie Tate Description
210,Roxanne Reid,Roxanne Reid Description
211,Sabrina Stewart,Sabrina Stewart Description
212,Saira Lloyd,Saira Lloyd Description
213,Sallie Barrera,Sallie Barrera Description
214,Samira Robles,Samira Robles Description
215,Sang Banks,Sang Banks Description
216,Scott Drake,Scott Drake Description
217,Scotty Mcdonald,Scotty Mcdonald Description
218,Shawn Cantrell,Shawn Cantrell Description
219,Shelby Mckenzie,Shelby Mckenzie Description
220,Simon Moore,Simon Moore Description
221,Sophie Giles,Sophie Giles Description
222,Stacy Watkins,Stacy Watkins Description
223,Stefan Pollard,Stefan Pollard Description
224,Sterling Daniels,Sterling Daniels Description
225,Sulayman Dyer,Sulayman Dyer Description
226,Sumayyah Schroeder,Sumayyah Schroeder Description
227,Tabitha Yoder,Tabitha Yoder Description
228,Talia Larson,Talia Larson Description
229,Tammi Walsh,Tammi Walsh Description
230,Tanisha Andrade,Tanisha Andrade Description
231,Terence Lyons,Terence Lyons Description
232,Teresa Osborne,Teresa Osborne Description
233,Terry Kent,Terry Kent Description
234,Theo Nicholson,Theo Nicholson Description
235,Thomas Freeman,Thomas Freeman Description
236,Tommie Massey,Tommie Massey Description
237,Traci Mccann,Traci Mccann Description
238,Valentine Clay,Valentine Clay Description
239,Vera Hebert,Vera Hebert Description
240,Vickie Shea,Vickie Shea Description
241,Victor Luna,Victor Luna Description
242,Virginia Bond,Virginia Bond Description
243,Walter Haynes,Walter Haynes Description
244,Wendi Swanson,Wendi Swanson Description
245,Wilfred Austin,Wilfred Austin Description
246,Willy Duke,Willy Duke Description
247,Wyatt Irwin,Wyatt Irwin Description
248,Xander Rivas,Xander Rivas Description
249,Yousuf Gutierrez,Yousuf Gutierrez Description
250,Zack Curry,Zack Curry Description
251,Ife Chichi,Ife Chichi Description
252,Bontu Abdou,Bontu Abdou Description